YEAR,TEAM,4IN5-B2B GP,4IN5-B2B W%,4IN5-B2B AED,3IN4-B2B GP,3IN4-B2B W%,3IN4-B2B AED,B2B GP,B2B W%,B2B AED,3IN4 GP,3IN4 W%,3IN4 AED,1 DAY GP,1 DAY W%,1 DAY AED,2 DAYS GP,2 DAYS W%,2 DAYS AED,3+ DAYS GP,3+ DAYS W%,3+ DAYS AED
23-24,Atlanta,0,0,0,9,0.333,-6.8,6,0.5,0.5,12,0.333,-3.3,37,0.486,-0.1,14,0.571,4.5,4,0,-0.2
23-24,Boston,0,0,0,11,0.818,24.6,3,1,27.9,11,0.727,20.6,39,0.718,18.1,14,0.857,28.8,4,1,16.7
23-24,Brooklyn,0,0,0,9,0.333,-9,5,0.2,-21.1,10,0.4,1,41,0.415,0.7,12,0.5,-0.6,5,0.2,-7.6
23-24,Charlotte,0,0,0,10,0.2,-17,5,0.4,-7.9,11,0.364,-10.1,38,0.263,-14.8,13,0.077,-17.2,5,0.4,-15.7
23-24,Chicago,0,0,0,11,0.636,-0.1,3,0,-15.4,12,0.417,-1.3,39,0.436,-1.4,12,0.583,0.5,5,0.6,-2.6
23-24,Cleveland,0,0,0,10,0.3,-3.5,5,0.4,-1.9,11,0.727,13.5,39,0.667,6,11,0.364,0.1,6,0.833,7.2
23-24,Dallas,0,0,0,10,0.7,9.1,4,0.5,2.7,9,0.556,-3,43,0.605,2,11,0.545,-2.2,5,0.8,12.3
23-24,Denver,0,0,0,6,0.833,14.9,7,0.571,3.5,10,0.7,15.2,42,0.714,12.6,12,0.667,12.2,5,0.6,13.9
23-24,Detroit,0,0,0,11,0.273,-16.1,4,0.5,-7.4,9,0,-18.3,39,0.179,-16.5,15,0.133,-12,4,0,-18.8
23-24,Golden State,0,0,0,11,0.727,8.3,6,0.333,3.7,16,0.438,-5.1,33,0.576,3.1,10,0.7,5,6,0.5,6
23-24,Houston,0,0,0,8,0.375,-6.9,6,0.167,-11.5,11,0.455,1,41,0.585,4.3,11,0.636,10.5,5,0.2,-12.8
23-24,Indiana,0,0,0,11,0.273,-3.8,2,0,2,10,0.6,6.6,45,0.622,5.9,12,0.667,7.9,3,0.667,15.5
23-24,LA Clippers,0,0,0,11,0.364,2.2,4,0.75,11.8,14,0.429,-5.6,37,0.676,9.6,11,0.909,17.5,5,0.6,0.3
23-24,LA Lakers,0,0,0,8,0.25,-8.4,7,0.857,6.6,10,0.5,-5.4,40,0.675,1.6,14,0.429,-3.8,4,0.5,-4.7
23-24,Memphis,0,0,0,9,0.111,-15.9,5,0.2,-21.1,8,0.5,-16.6,42,0.405,-14.8,14,0.143,-22.6,4,0.5,-3.5
23-24,Miami,0,0,0,10,0.4,-2.2,3,0.667,-3.8,10,0.4,0.6,43,0.558,5.4,12,0.75,10.4,4,0.75,7.1
23-24,Milwaukee,0,0,0,8,0.875,15.5,6,0.5,-2.4,10,0.2,-1.2,40,0.6,3.5,15,0.667,6.9,3,1,4.2
23-24,Minnesota,0,0,0,8,0.5,1,5,0.8,12.5,9,0.444,5.7,44,0.727,6.9,11,0.818,7.5,5,0.6,9.5
23-24,New Orleans,0,0,0,10,0.7,9.1,3,0,-12.1,12,0.417,2.5,41,0.61,5.2,11,0.636,4.8,5,1,25.5
23-24,New York,0,0,0,11,0.545,4.5,2,0,-14.6,10,0.7,6,43,0.605,11.1,11,0.727,10.1,5,0.6,3.5
23-24,Oklahoma City,0,0,0,9,0.444,14,5,0.8,21,13,0.769,11.5,39,0.718,9.4,11,0.727,11.4,5,0.6,4.8
23-24,Orlando,0,0,0,9,0.333,-4.3,6,0.333,-6.3,12,0.833,3,38,0.658,6.7,11,0.455,3.7,6,0.333,0.5
23-24,Philadelphia,0,0,0,10,0.4,7,4,0.75,3.4,9,0.556,3.6,44,0.591,5.7,10,0.7,7.5,5,0.4,3.9
23-24,Phoenix,0,0,0,9,0.778,7.1,5,0.6,9.2,10,0.7,8.4,39,0.538,3.3,15,0.533,3.4,4,0.75,1.7
23-24,Portland,0,0,0,12,0.5,-3.2,2,1,4.4,11,0.273,-16,41,0.146,-18.8,10,0.4,-3.4,6,0,-12.7
23-24,Sacramento,0,0,0,12,0.5,-1.3,3,0,-16.6,9,0.556,1.7,40,0.6,6.2,13,0.462,0.1,5,1,11.1
23-24,San Antonio,0,0,0,7,0.286,-14.2,6,0,-25.1,10,0.2,-23,44,0.341,-10.9,10,0.3,-8.1,5,0,-14.8
23-24,Toronto,0,0,0,13,0.154,-17.5,1,1,-5.2,11,0.364,-15,42,0.262,-11.2,9,0.444,-14.2,6,0.5,-2.7
23-24,Utah,0,0,0,12,0.417,-2.9,1,0,-18.1,11,0.364,-4.1,41,0.39,-2,12,0.417,-5.7,5,0.2,-13
23-24,Washington,0,0,0,9,0,-26.8,4,0,-33,9,0.333,-12.1,44,0.205,-17.7,12,0.25,-19.7,4,0,-26.1
22-23,LA Lakers,0,0,0,10,0.4,-10.7,2,1,8.5,11,0.273,-8.5,42,0.571,-2.3,14,0.571,-2.3,3,0.667,1.2
22-23,Miami,0,0,0,9,0.556,0.2,5,0.4,-2.4,12,0.667,3.4,38,0.553,0.2,15,0.467,-3.3,3,0.333,-10.2
22-23,Atlanta,0,0,0,10,0.3,-6.1,3,0,-7.5,11,0.273,-8.9,42,0.619,0.3,12,0.5,-2.8,4,0.75,3.8
22-23,Minnesota,0,0,0,10,0.5,-5,4,1,2.2,12,0.417,-6.5,39,0.487,-2.8,12,0.417,-4.8,5,0.8,5.5
22-23,Boston,0,0,0,11,0.727,14.8,2,1,8.5,9,0.778,14.3,43,0.721,11.9,12,0.5,7.1,5,0.6,12.4
22-23,Brooklyn,0,0,0,11,0.545,0.8,3,0.333,1.2,12,0.667,2.1,39,0.513,1.9,13,0.692,11.7,4,0.25,-18
22-23,Charlotte,0,0,0,8,0.25,-15.6,4,0.5,-8.7,12,0.417,-10.1,42,0.262,-16,13,0.308,-19.3,3,1,7.4
22-23,Chicago,0,0,0,12,0.417,-6.4,3,0.333,6.6,12,0.333,-7.8,38,0.5,2.2,11,0.636,2.8,6,0.667,7.2
22-23,Cleveland,0,0,0,8,0.5,3.4,4,0.75,12.2,10,0.8,22.1,43,0.674,10,14,0.429,6.1,3,0.333,0.3
22-23,Dallas,0,0,0,9,0.333,1.9,4,0,-5.1,8,0.5,6.4,42,0.571,7.7,17,0.353,3.2,2,0.5,19.9
22-23,Denver,0,0,0,10,0.6,5.2,2,0.5,6.4,7,0.857,16.6,47,0.596,8.1,12,0.75,14.9,4,0.75,7.2
22-23,Detroit,0,0,0,11,0.273,-7.8,3,0,-10.9,13,0.077,-17,38,0.211,-11.6,12,0.25,-12.3,5,0.4,-6.8
22-23,Golden State,0,0,0,11,0.364,-9.3,4,0.75,8.8,11,0.455,-2.8,37,0.541,0.6,15,0.6,0.2,4,0.75,3.1
22-23,Houston,0,0,0,10,0,-22.7,3,0.667,1.5,11,0.273,-14.1,43,0.256,-14.9,11,0.364,-9.1,4,0.5,-7.4
22-23,Indiana,0,0,0,10,0.5,-3.4,4,0.5,-0.6,12,0.167,-11.5,39,0.41,-5.8,12,0.667,-0.8,5,0.4,0.3
22-23,LA Clippers,0,0,0,10,0.1,-15.8,5,0.8,3.5,12,0.667,2.4,39,0.564,1,10,0.4,-10.9,6,0.833,9.3
22-23,Memphis,0,0,0,8,0.375,-10.3,4,0.75,4.3,9,0.778,5.9,43,0.581,1.7,16,0.75,9.6,2,0.5,-6.3
22-23,Milwaukee,0,0,0,11,0.727,2.6,2,1,11.2,9,0.444,-5.1,45,0.733,6.4,10,0.7,6,5,0.8,5.4
22-23,New Orleans,0,0,0,7,0.143,-5.9,5,0.8,2,10,0.5,0.6,42,0.571,2.3,16,0.438,-0.6,2,0.5,4.9
22-23,New York,0,0,0,9,0.444,1.2,3,1,15.2,8,0.625,9.8,48,0.583,6.9,9,0.444,3.9,5,0.6,8.7
22-23,Oklahoma City,0,0,0,9,0.444,-2.3,4,0.25,-3.4,11,0.727,5.5,40,0.425,-2.1,15,0.6,5.4,3,0.333,4.2
22-23,Orlando,0,0,0,10,0.1,-9.8,3,0,-14.7,11,0.455,-3.9,46,0.478,-2.7,6,0.5,1.3,6,0.5,-0.1
22-23,Philadelphia,0,0,0,10,0.8,6.9,3,0.333,9.3,10,0.7,7.4,43,0.628,7.4,11,0.636,3.6,5,0.8,5.7
22-23,Phoenix,0,0,0,10,0.4,-4,2,1,7.7,9,0.444,0.7,44,0.591,6.9,14,0.429,-0.6,3,1,6.1
22-23,Portland,0,0,0,11,0.455,-0.9,3,0.667,13.2,10,0.2,-8.9,43,0.372,1.4,10,0.7,12.1,5,0.2,0.8
22-23,Sacramento,0,0,0,9,0.444,2.2,6,0.667,6.7,10,0.7,9,39,0.641,9.7,14,0.5,6.2,4,0.25,-3.5
22-23,San Antonio,0,0,0,11,0.182,-21.4,3,0,-21.6,9,0.222,-13,43,0.326,-13.2,11,0.182,-20.1,5,0.4,-13.5
22-23,Toronto,0,0,0,12,0.333,-1.2,0,0,0,9,0.556,2.3,47,0.532,5.6,9,0.444,7.4,5,0.6,0.5
22-23,Utah,0,0,0,12,0.25,1,3,0.333,-2.3,11,0.636,4.3,40,0.4,-0.7,10,0.5,1.1,6,0.833,5.2
22-23,Washington,1,0,-1.5,9,0.556,3.1,6,0.333,-1.6,11,0.636,0.1,35,0.4,-3.3,16,0.313,-4.8,4,0.5,-4.8
21-22,Atlanta,0,0,0,13,0.462,6.6,3,0.667,5.5,10,0.4,1.9,39,0.641,11.3,12,0.333,3.7,5,0.4,8.9
21-22,Boston,0,0,0,9,0.667,9.6,6,0.333,2.1,12,0.583,7.6,37,0.676,12.5,13,0.615,7.8,5,0.6,13.5
21-22,Brooklyn,1,0,-18.2,8,0.25,-8.3,5,0.2,-5.3,11,0.727,3.2,39,0.564,-0.6,15,0.667,-2,3,0.333,-15.1
21-22,Charlotte,0,0,0,12,0.167,-8.2,3,0,-11.9,13,0.692,3.1,36,0.583,-1.2,13,0.538,-4.9,5,0.8,1.2
21-22,Chicago,2,0,-2,10,0.7,3.4,5,0.4,-4.3,15,0.533,-0.1,36,0.583,4.3,9,0.333,-5.5,5,1,8.4
21-22,Cleveland,1,0,-5.4,12,0.5,-2.5,2,0.5,-4.2,13,0.692,7.4,38,0.579,4,10,0.5,4.5,6,0.167,2.9
21-22,Dallas,0,0,0,10,0.6,6,2,0.5,9.8,7,0.571,1.4,48,0.688,8.6,11,0.727,9.5,4,0,-10.8
21-22,Denver,1,0,-9.3,7,0.429,0.7,5,0.4,-2.6,8,0.5,1.7,45,0.667,8.9,12,0.5,3.8,4,0.75,14.1
21-22,Detroit,0,0,0,13,0.462,-15.6,0,0,0,9,0.222,-16.1,45,0.222,-14.1,10,0.3,-15.7,5,0.4,-8.4
21-22,Golden State,0,0,0,12,0.75,8.7,3,0.333,0,11,0.727,7.7,39,0.564,5.1,10,0.7,5.8,7,0.857,16.8
21-22,Houston,0,0,0,11,0.182,-17.3,2,0,-16,9,0.444,-9.3,44,0.25,-12.5,11,0.273,-10.8,5,0,-26
21-22,Indiana,0,0,0,10,0.5,2.1,4,0.25,-7.7,10,0.5,-1.5,43,0.233,-0.9,10,0.3,0.8,5,0.2,-3.9
21-22,LA Clippers,0,0,0,12,0.417,-1.3,2,0.5,21.7,12,0.583,3,40,0.525,-1.3,11,0.545,-2.2,5,0.4,-4.4
21-22,LA Lakers,0,0,0,9,0.333,-2.9,3,0,-5.9,11,0.545,-0.5,44,0.409,-8.3,10,0.4,-8.8,5,0.4,-5.5
21-22,Memphis,0,0,0,8,0.375,-2.4,6,0.667,6.4,9,0.778,13.2,40,0.725,7.6,16,0.75,8.2,3,0.333,-0.4
21-22,Miami,1,0,-4.3,10,0.3,1.4,3,0.667,3.2,11,0.727,9.3,39,0.615,6.8,15,0.867,14.8,3,1,27.9
21-22,Milwaukee,0,0,0,9,0.556,-0.4,5,0.6,1.7,11,0.545,7.7,41,0.683,3.2,10,0.6,3.7,6,0.5,9
21-22,Minnesota,0,0,0,9,0.444,-6.5,4,0.5,-6.2,8,0.75,9.7,44,0.523,-1.9,13,0.538,-0.6,4,1,7.2
21-22,New Orleans,1,1,18.3,11,0.182,-5.7,3,0,-10.3,9,0.333,-4.6,40,0.5,3,13,0.538,6.5,5,0.6,-0.3
21-22,New York,0,0,0,6,0.667,4,6,0.5,3.4,10,0.4,-3,43,0.372,-2.5,15,0.6,3.6,2,0.5,-9.3
21-22,Oklahoma City,0,0,0,12,0.083,-25.5,2,0.5,-13.8,9,0.444,-5.2,42,0.262,-15.3,12,0.5,-8.1,5,0.2,-15.5
21-22,Orlando,0,0,0,9,0.222,-19.3,7,0.143,-20.7,9,0.333,-11.3,37,0.297,-17.4,17,0.176,-17.1,3,0.667,-12.9
21-22,Philadelphia,0,0,0,9,0.556,0.6,2,0.5,3.6,8,0.75,4.5,48,0.604,6.2,11,0.545,-0.4,4,1,22.4
21-22,Phoenix,0,0,0,10,0.7,3.7,4,0.75,1.9,8,0.75,7.8,42,0.786,10.4,14,0.929,10.4,4,0.5,8.5
21-22,Portland,0,0,0,11,0.364,-13.1,4,0.5,2.2,11,0.364,-8.8,39,0.282,-13,13,0.462,-9.7,4,0,-16.7
21-22,Sacramento,0,0,0,11,0.364,-9.8,3,0.667,-4.4,10,0.3,-8.5,41,0.317,-10.2,12,0.5,-7,5,0.4,-11.7
21-22,San Antonio,0,0,0,11,0.455,-0.7,4,0.25,-5.5,8,0.25,-8.4,43,0.395,-3.3,11,0.636,11.2,5,0.4,-1.1
21-22,Toronto,3,0.667,7.6,9,0.667,4.7,5,0.6,4.2,13,0.385,5.4,36,0.639,7.9,12,0.667,8.6,4,0.25,-13.7
21-22,Utah,0,0,0,10,0.3,6.3,3,0.667,28,13,0.538,12.6,42,0.548,11.6,8,1,25.4,6,1,21.4
21-22,Washington,0,0,0,11,0.545,1.9,3,0.667,2.8,10,0.6,-0.3,41,0.366,-2,13,0.308,-5.2,4,0.5,0.7
20-21,Atlanta,,,,14,0.429,7.2,1,0,-4.3,12,0.667,9.1,35,0.6,8.4,5,0.6,16.6,5,0.6,4.7
20-21,Boston,,,,12,0.5,6.3,3,0,-4.3,13,0.462,1.9,34,0.5,3.1,7,0.714,17.5,3,0.667,8.2
20-21,Brooklyn,,,,9,0.444,-0.5,6,0.667,6.9,9,0.778,11.6,34,0.676,9.3,12,0.667,11.4,2,1,21.7
20-21,Charlotte,,,,14,0.429,-0.6,2,0.5,-8.8,13,0.385,-5.1,35,0.457,-6.3,4,0.75,13.6,4,0.5,-2.8
20-21,Chicago,,,,12,0.5,-3.7,4,0.25,-2.6,15,0.4,-0.3,30,0.5,-3.2,5,0.4,-3.2,5,0.2,-8.7
20-21,Cleveland,,,,14,0.286,-9.3,3,0.333,-12.7,12,0.25,-10.9,32,0.219,-11.4,7,0.714,1.7,4,0.5,-12.3
20-21,Dallas,,,,12,0.5,5.8,4,0.5,-0.8,14,0.786,10.7,33,0.515,3.1,5,0.6,7.8,4,0.75,10.7
20-21,Denver,,,,10,0.6,15.6,3,0.333,-1.9,11,0.818,14.5,38,0.658,13.9,7,0.714,11.1,3,0.333,1.5
20-21,Detroit,,,,14,0.214,-9.6,2,0,-13.1,12,0.5,-7.2,29,0.241,-9.8,13,0.308,-8.4,2,0,-6.6
20-21,Golden State,,,,10,0.4,-2.9,5,0.4,-17.6,10,0.6,2.3,33,0.667,4.6,11,0.364,-8.8,3,0.333,-21.4
20-21,Houston,,,,13,0.308,-14.8,1,0,-30,11,0.091,-22.9,40,0.25,-16.6,4,0.5,-8.8,3,0,-23.6
20-21,Indiana,,,,12,0.583,-5.8,5,1,6.9,14,0.429,-6.5,30,0.433,-3.8,8,0.25,-13.7,3,0.333,-3.1
20-21,LA Clippers,,,,12,0.833,23.1,1,1,16.1,13,0.308,4.3,33,0.697,16.2,11,0.636,11.9,2,1,25.6
20-21,LA Lakers,,,,10,0.6,1,3,0.667,7.2,9,0.778,5,39,0.538,0.1,9,0.556,1.9,2,0.5,-3.9
20-21,Memphis,,,,13,0.538,-5,1,0,-32.4,15,0.467,-2.8,34,0.529,-2.5,4,0.75,-0.5,3,0.667,5.1
20-21,Miami,,,,10,0.5,4.1,3,1,13.5,11,0.455,-0.3,37,0.541,0.2,8,0.75,11.9,3,0.333,-9.8
20-21,Milwaukee,,,,12,0.5,3.3,2,1,12.3,12,0.833,12.8,33,0.606,6.2,11,0.636,5.2,2,0.5,14.2
20-21,Minnesota,,,,14,0.357,-9,2,0,-35.7,10,0.3,-13,35,0.314,-13.8,7,0.286,-16.4,4,0.5,-0.4
20-21,New Orleans,,,,9,0.444,-0.5,5,0.4,-0.3,11,0.455,-3.7,37,0.405,-0.1,6,0.5,5.6,4,0.5,0.5
20-21,New York,,,,9,0.667,11.3,5,0.6,13,11,0.455,-0.7,36,0.556,3.6,7,0.714,11.7,4,0.5,3.7
20-21,Oklahoma City,,,,13,0.231,-24.4,4,0.75,-11.5,15,0.2,-19.3,29,0.345,-18.4,7,0.143,-26.8,4,0.5,-16
20-21,Orlando,,,,8,0.5,-12.8,6,0.333,-14.3,12,0.333,-11.2,36,0.194,-17,6,0.5,-5.3,4,0.25,-14.7
20-21,Philadelphia,,,,9,0.556,6.6,5,0.6,6.6,12,0.75,10,35,0.714,9.5,8,0.5,5.6,3,1,16
20-21,Phoenix,,,,11,0.545,2.9,6,1,27.4,14,0.786,17.4,30,0.733,12.5,7,0.571,11.4,4,0.5,8.6
20-21,Portland,,,,16,0.563,9.8,1,0,10.3,11,0.727,8.3,31,0.581,3.7,10,0.6,9,3,0.333,-8.9
20-21,Sacramento,,,,12,0.333,-2.6,4,0.5,-7.1,12,0.417,-5.3,32,0.406,-2.2,8,0.5,-4.1,4,0.75,10.9
20-21,San Antonio,,,,14,0.357,-3.6,1,0,-5.5,13,0.462,-4,34,0.471,-5.4,6,0.833,0.3,3,0.333,-0.2
20-21,Toronto,,,,12,0.167,-9.1,3,0,-12.7,12,0.417,-0.1,31,0.484,3.9,10,0.4,-4.9,3,0,-14.6
20-21,Utah,,,,10,0.9,21.7,4,0.75,9.6,12,0.75,18,35,0.657,13.5,9,0.667,16.5,2,1,26.2
20-21,Washington,,,,16,0.438,-5.6,1,0,-6.3,16,0.563,-8.5,32,0.531,-3.9,4,0.25,-9.5,3,0,-16
19-20,Atlanta,,,,7,0.143,-23.4,5,0.2,-23.8,11,0.273,-12.6,35,0.286,-13.6,2,0.5,-11,7,0.571,-7
19-20,Boston,,,,8,0.5,9.6,2,1,14.7,6,0.333,11.8,42,0.714,12.4,8,0.75,14.5,6,0.667,8.7
19-20,Brooklyn,,,,8,0.125,-15.1,2,0.5,-12.5,6,0.833,5.7,40,0.575,-1.4,11,0.364,-8.9,5,0.2,-6.5
19-20,Charlotte,,,,9,0.222,-6.1,2,0.5,-10.1,7,0.429,-8.2,35,0.343,-4.5,5,0.4,-6.1,7,0.429,-3.5
19-20,Chicago,,,,9,0.778,-2.9,0,0,0,8,0.25,-10.1,37,0.243,-12.4,6,0.5,-7.3,5,0.2,-1.7
19-20,Cleveland,,,,6,0.333,-8.1,6,0.333,-12.6,10,0.1,-13.8,28,0.286,-8.6,10,0.5,-1.1,5,0.2,-20
19-20,Dallas,,,,9,0.556,8.9,4,0.5,13,8,0.5,2.8,41,0.585,10.8,7,0.571,15.3,6,0.667,10.4
19-20,Denver,,,,6,0.667,2.7,5,0.8,9.3,7,0.143,-6.4,38,0.711,9.4,13,0.692,6.5,4,0.25,-5.8
19-20,Detroit,,,,8,0.125,-4.6,3,0,-8,9,0.444,0.1,31,0.323,1.5,12,0.333,3.2,3,0.333,-2.3
19-20,Golden State,,,,6,0,-23.8,1,1,10.5,6,0.333,-8,40,0.275,-10.7,9,0.111,-12.7,3,0,-23.8
19-20,Houston,,,,7,0.429,-2,3,0,-16.6,9,0.667,6.3,37,0.649,3.3,12,0.667,8,4,0.75,10.4
19-20,Indiana,,,,7,0.571,0.7,2,0,-17.5,7,0.571,9.2,45,0.667,4.2,7,0.571,5.2,5,0.6,1.1
19-20,LA Clippers,,,,8,0.5,2.1,3,0.667,16.2,5,0.6,9.5,38,0.816,10.2,12,0.5,-0.6,6,0.5,0
19-20,LA Lakers,,,,5,0.8,14.5,4,1,11.5,7,0.714,7.4,37,0.703,5.2,14,0.786,5,4,0.5,-1
19-20,Memphis,,,,10,0.7,1.4,1,0,-15.8,8,0.5,-4.6,39,0.462,-6.2,9,0.556,-4.9,6,0,-13.9
19-20,Miami,,,,7,0.571,0.4,5,0.4,0.3,10,0.6,9.2,35,0.543,10.2,9,0.778,12.9,7,0.857,17.8
19-20,Milwaukee,,,,11,0.818,9.5,0,0,0,7,0.714,16.6,42,0.738,8.4,7,0.714,8.2,6,1,11.7
19-20,Minnesota,,,,9,0.333,-15.3,0,0,0,8,0.375,-10.8,35,0.229,-14.2,7,0.571,-5.8,5,0.2,-14.7
19-20,New Orleans,,,,5,0.4,-11.9,5,0.8,3.4,8,0.375,-4.2,38,0.316,-6.1,11,0.727,4.2,5,0.2,-12
19-20,New York,,,,7,0.143,-20.1,3,0.333,-7,5,0.6,0.8,37,0.324,-7.4,11,0.273,-17.1,3,0.333,-1.2
19-20,Oklahoma City,,,,8,0.5,1,3,0.667,3.6,9,0.556,3.6,38,0.684,8.6,8,0.5,4.5,6,0.5,3.1
19-20,Orlando,,,,9,0.111,-12.7,2,0,-10.7,9,0.333,-4.2,39,0.564,-1.3,9,0.444,-3.8,5,0.6,-6.9
19-20,Philadelphia,,,,10,0.7,6.9,1,1,17.9,9,0.667,7.1,36,0.528,2.8,13,0.538,0.3,4,0.75,9.3
19-20,Phoenix,,,,8,0.375,-5.6,4,0.5,-0.2,9,0.333,-0.1,36,0.528,2.7,11,0.455,0.3,5,0.4,1.1
19-20,Portland,,,,10,0.3,-1.5,2,0.5,5.9,8,0.625,-0.3,40,0.5,1.9,9,0.444,0,5,0.4,-4.1
19-20,Sacramento,,,,9,0.444,-3.2,2,0.5,8.6,9,0.222,-9.6,36,0.5,0.2,11,0.273,-4.8,5,0.6,-4.1
19-20,San Antonio,,,,8,0.5,-1.6,1,1,20.6,7,0.286,-5.1,40,0.4,-1.8,11,0.545,0.2,4,0.75,5.1
19-20,Toronto,,,,6,0.667,7.9,5,0.8,11.4,9,0.778,10.6,35,0.8,11.9,12,0.5,2.9,5,0.8,12.4
19-20,Utah,,,,7,0.571,3.8,2,0.5,1.3,8,0.25,-9.9,40,0.65,6.4,10,0.8,9,5,0.6,2.1
19-20,Washington,,,,10,0.4,-4.5,0,0,0,7,0.571,-4.9,42,0.333,-5.3,6,0.333,-9.3,7,0.143,-9.3
18-19,Atlanta,,,,8,0.375,-14.5,4,0.5,-3.2,11,0.273,-18.1,40,0.4,-14.8,15,0.333,-14.4,4,0,-18.6
18-19,Boston,,,,6,0.333,-1.4,7,0.429,-2.9,9,0.556,5.1,42,0.643,9,13,0.692,5.5,5,0.6,16.5
18-19,Brooklyn,,,,9,0.222,-9.2,5,0.4,-2.1,9,0.444,5.9,39,0.564,3.4,15,0.6,2.2,5,0.6,3.8
18-19,Charlotte,,,,11,0.364,-2.7,4,0.25,2.7,9,0.556,3.1,37,0.514,4.4,16,0.438,2.1,5,0.6,7.7
18-19,Chicago,,,,10,0.4,-10.6,4,0.25,-31.9,8,0.25,-15,41,0.268,-13.4,15,0.133,-19.2,4,0.5,-7.7
18-19,Cleveland,,,,8,0.375,-6.5,6,0,-13.1,10,0.2,-14.3,40,0.225,-11.3,13,0.308,-1.4,5,0.2,-9.1
18-19,Dallas,,,,10,0.1,-9.1,4,0.25,-2.7,8,0.375,8.8,41,0.39,0.1,14,0.643,2.8,5,0.6,2.5
18-19,Denver,,,,11,0.909,18.8,2,1,17.8,10,0.6,6.4,44,0.545,11.1,7,1,23,8,0.625,11.7
18-19,Detroit,,,,9,0.333,-1.1,4,0.75,4.5,7,0.286,-12.8,44,0.432,-5,14,0.786,7.2,4,0.75,-2.4
18-19,Golden State,,,,12,0.667,8.2,1,1,3,9,0.778,11.9,38,0.658,12.1,19,0.684,8.2,3,1,21.3
18-19,Houston,,,,8,0.625,15.4,4,0.75,21.3,10,0.6,10,42,0.69,15.2,14,0.643,6.6,4,0.25,-3.8
18-19,Indiana,,,,10,0.5,4,4,1,12.3,13,0.538,2.9,37,0.459,-2.1,13,0.769,10.7,5,1,19
18-19,LA Clippers,,,,11,0.455,1.4,3,0.667,-3.8,5,0.4,-10,42,0.595,1.6,18,0.667,2.5,3,0.667,0.2
18-19,LA Lakers,,,,10,0.5,-7.3,3,0.667,3.1,10,0.6,0.9,40,0.35,-9.5,17,0.529,-8.5,2,0.5,-14.4
18-19,Memphis,,,,9,0.333,-12.4,4,0,-8.7,10,0.5,-7.2,39,0.333,-1.5,17,0.647,4.5,3,0.333,-13.1
18-19,Miami,,,,9,0.333,-6.6,3,1,12.5,7,0.429,-1.2,45,0.467,-4.7,13,0.538,0.6,5,0.4,1.4
18-19,Milwaukee,,,,11,0.545,4.2,2,0.5,1.4,8,0.625,10.7,41,0.805,12.9,16,0.688,14.1,4,1,7.9
18-19,Minnesota,,,,9,0.111,-4.8,4,0.5,-0.4,8,0.375,-5.6,40,0.55,2.7,19,0.368,-3.5,2,0.5,7.1
18-19,New Orleans,,,,9,0.222,-6.1,4,0.25,-3.6,11,0.545,-0.2,40,0.425,1.2,13,0.385,-1.6,5,0.4,-5.3
18-19,New York,,,,10,0.2,-14.2,5,0,-20.1,9,0.222,-13.8,38,0.237,-12.6,14,0.214,-16.8,6,0.167,-11.5
18-19,Oklahoma City,,,,10,0.7,3.2,2,0,-3.4,7,0.429,-5.8,43,0.605,0.6,16,0.688,2.4,4,0.5,-1.7
18-19,Orlando,,,,9,0.222,-8.5,5,0.8,6.5,12,0.417,0.4,35,0.6,1.8,17,0.471,-2.6,4,0.5,-5.7
18-19,Philadelphia,,,,9,0.444,-6.1,4,0.25,0.1,7,0.714,11.4,39,0.692,7.2,21,0.619,3.9,2,0.5,-3
18-19,Phoenix,,,,7,0.143,-20,5,0.4,-13.4,7,0.286,-16.3,45,0.244,-14.4,14,0.143,-21.3,4,0.25,-6.7
18-19,Portland,,,,7,0.571,10,5,0.2,-1.7,11,0.909,13.1,43,0.628,8.6,12,0.667,9.7,4,0.75,16.6
18-19,Sacramento,,,,8,0.25,-15.5,6,0.333,-15.6,11,0.727,0.3,36,0.528,-7.6,17,0.471,-6.9,4,0,-18.8
18-19,San Antonio,,,,9,0.222,-5.6,4,0.5,1.3,10,0.7,8,41,0.585,5.3,14,0.714,9.2,4,0.75,4.1
18-19,Toronto,,,,7,0.714,10.3,5,0.8,20.7,8,0.75,14.8,45,0.667,8.2,13,0.769,10.7,4,0.75,4.1
18-19,Utah,,,,9,0.333,-4.7,5,0.8,4.8,9,0.667,6.1,40,0.7,9.3,15,0.4,-0.8,4,0.75,15.2
18-19,Washington,,,,9,0.667,2.5,6,0.667,0.7,10,0.5,-3,40,0.275,-4.9,11,0.182,-9.1,6,0.667,6.2
17-18,Atlanta,,,,12,0.167,-15.1,3,0,-15.6,8,0.5,-8.3,41,0.293,-7.4,13,0.308,-9.9,5,0.4,-8.5
17-18,Boston,,,,10,0.7,2.4,3,0.333,-7.8,10,0.8,5.6,40,0.725,5.8,13,0.462,0.7,5,0.6,8.4
17-18,Brooklyn,,,,7,0.286,-14.7,8,0.25,-11.9,10,0.4,-9.4,33,0.364,-5.8,20,0.35,-9,3,0.333,-5.7
17-18,Charlotte,,,,11,0.364,-1.3,3,0.333,-4.2,11,0.636,2.1,41,0.463,0.5,10,0.4,4.3,6,0.167,-6.3
17-18,Chicago,,,,10,0.2,-16.8,4,0.25,-23.9,9,0.444,-10.2,39,0.359,-9.6,14,0.357,-13.7,5,0.2,-14.9
17-18,Cleveland,,,,5,0.8,8.8,8,0.375,-0.3,5,0.6,5.4,42,0.69,5.9,18,0.556,2.2,3,0.333,-2.5
17-18,Dallas,,,,8,0.125,-7.7,7,0.286,-3.7,11,0.273,-4.2,38,0.289,-3,13,0.462,-0.5,5,0.2,0.1
17-18,Denver,,,,8,0.25,-1.6,6,0.333,3.8,7,0.571,3.6,41,0.634,8.7,13,0.692,8.6,6,0.5,2.8
17-18,Detroit,,,,11,0.455,-3.4,3,0.667,-0.1,10,0.4,-0.9,40,0.475,1.4,10,0.4,-0.6,7,0.571,0.2
17-18,Golden State,,,,11,0.818,11.2,3,0.333,-4.2,10,0.6,0.8,39,0.744,9.7,13,0.615,3.2,6,0.833,9
17-18,Houston,,,,8,0.875,14.2,5,0.6,4.1,10,0.6,12.3,39,0.846,16.4,13,0.769,13.2,6,1,18.7
17-18,Indiana,,,,10,0.6,3.5,4,0,-8.6,10,0.6,4.6,40,0.575,3,13,0.615,6.2,5,1,10.6
17-18,LA Clippers,,,,7,0.429,0.7,7,0.286,-2.9,10,0.3,-2.9,39,0.59,0.3,12,0.583,2.7,6,0.667,6
17-18,LA Lakers,,,,7,0.286,-13.8,5,0.4,-15.5,8,0.25,-16.7,45,0.489,-6.6,10,0.4,-8.7,6,0.333,-10
17-18,Memphis,,,,11,0.091,-15.8,5,0.4,2.3,11,0.455,-6.8,35,0.229,-7.5,13,0.308,-5.5,6,0.333,-12
17-18,Miami,,,,8,0.375,-7.8,5,0.6,13.8,8,0.5,-0.1,42,0.571,1.3,13,0.538,-1.6,5,0.4,3
17-18,Milwaukee,,,,11,0.636,2.9,4,0.75,8.2,9,0.333,-0.6,36,0.556,2.8,16,0.5,0.2,5,0.6,6.8
17-18,Minnesota,,,,8,0.25,2.6,7,0.571,14.6,11,0.727,16,38,0.632,9.1,10,0.7,11.2,7,0.143,-4.3
17-18,New Orleans,,,,10,0.6,2.7,3,0.667,2.5,8,0.625,-3.4,40,0.55,-1.6,9,0.667,2.3,8,0.5,-4.1
17-18,New York,,,,7,0.429,-0.1,7,0.143,-14.1,11,0.273,-5.7,37,0.378,-3.9,14,0.357,2.1,5,0.4,-2.9
17-18,Oklahoma City,,,,12,0.5,3.5,2,0.5,4.3,6,0.667,4.1,42,0.548,4.4,14,0.714,11.9,5,0.6,4.2
17-18,Orlando,,,,12,0.417,-8.4,3,0.667,3.9,9,0.333,-13.8,38,0.211,-9.2,12,0.333,-14.5,7,0.286,-9.1
17-18,Philadelphia,,,,11,0.455,-3.9,2,0.5,2.5,10,0.6,-0.8,40,0.7,4.3,13,0.615,6,5,0.6,-2.6
17-18,Phoenix,,,,10,0.2,-27.9,5,0.4,-8.5,11,0.273,-14.1,36,0.25,-17.7,17,0.294,-19.5,3,0,-37.1
17-18,Portland,,,,12,0.583,2.5,3,1,19.1,8,0.375,-3.7,39,0.538,2.2,14,0.714,7.6,5,0.8,17.1
17-18,Sacramento,,,,12,0.25,-11.9,4,0.5,0.9,10,0.4,-2.1,33,0.364,-10,17,0.235,-10.7,5,0.2,-9.6
17-18,San Antonio,,,,9,0.556,8.7,5,0.6,9.4,8,0.875,13.3,39,0.564,4.7,17,0.471,4.8,3,0.667,20.4
17-18,Toronto,,,,10,0.7,14.1,4,0.5,5.3,10,0.9,17.9,40,0.75,11.9,11,0.636,10.8,6,0.667,13.8
17-18,Utah,,,,8,0.75,8.3,7,0.571,1,11,0.364,-3.1,35,0.657,7.9,14,0.571,7.6,6,0.5,2.3
17-18,Washington,,,,7,0.286,-1.7,7,0.571,2.9,10,0.5,3.9,37,0.595,6.3,14,0.429,-4.1,6,0.667,4.1
16-17,Atlanta,0,0,0,10,0.6,5.2,8,0.625,4,13,0.462,4.3,35,0.486,1.1,12,0.583,5.9,4,0.5,1.9
16-17,Boston,1,1,1.2,9,0.556,-3.2,7,0.571,0.8,13,0.846,5.9,35,0.714,2.2,13,0.308,-8.5,4,0.75,2.2
16-17,Brooklyn,0,0,0,10,0.1,-7.3,4,0,-6.1,10,0.3,-2.6,45,0.244,-3.5,9,0.333,-1.6,4,0.5,0.8
16-17,Charlotte,1,0,-21.1,13,0.385,-3.1,2,0,-6.1,10,0.4,-1.7,40,0.475,3.8,13,0.462,-0.5,3,0.667,7.3
16-17,Chicago,1,0,-10.6,12,0.583,-6,4,0.75,7.9,13,0.385,-2.4,37,0.432,-1.6,11,0.636,5.4,4,0.75,-0.4
16-17,Cleveland,0,0,0,13,0.231,-8.5,5,0.8,3.9,11,0.636,3.7,34,0.676,1.3,16,0.688,-0.3,3,1,11.8
16-17,Dallas,1,0,1.6,7,0.143,-6.1,7,0.286,-2.7,11,0.727,11,43,0.372,-3.9,9,0.556,-0.9,4,0.25,-7.9
16-17,Denver,1,0,-14.3,12,0.333,-0.1,4,0.5,-2.9,13,0.615,7.9,36,0.5,1.3,12,0.417,2.2,4,0.75,5.1
16-17,Detroit,1,0,-5.7,13,0.154,-14.6,3,0.333,-2.7,13,0.615,-0.2,37,0.459,-2.7,11,0.727,3.3,4,0.25,-9.7
16-17,Golden State,1,1,-1.7,13,0.692,-4.2,3,1,-1.9,11,0.455,-10.5,36,0.917,6.2,14,0.929,2,4,0.75,6
16-17,Houston,1,1,24.5,11,0.727,0.4,4,1,1.9,11,0.636,-3.8,40,0.625,0,10,0.7,3.1,5,0.6,-0.3
16-17,Indiana,0,0,0,12,0.25,-6.3,5,0.4,-10,14,0.571,4.5,39,0.538,0,4,0.75,-4.2,8,0.625,-4
16-17,LA Clippers,1,0,-13.1,12,0.583,-3.1,5,0.4,-7.7,15,0.667,-0.7,33,0.667,-2.1,11,0.636,-1.6,5,0.6,-10.4
16-17,LA Lakers,1,0,10.1,12,0.333,1.7,3,0,-15.3,10,0.4,4.9,42,0.286,1.2,10,0.4,9,4,0.5,6.7
16-17,Memphis,1,1,-3.4,10,0.8,0.6,6,0.333,-5.7,16,0.688,0,33,0.545,-1.9,12,0.083,-14.2,4,0.5,-8.2
16-17,Miami,1,0,-4.4,11,0.545,4,3,0.333,1,13,0.385,-5,40,0.55,1.5,10,0.4,-0.2,4,0.75,5.1
16-17,Milwaukee,0,0,0,13,0.462,1.8,5,0.4,0,13,0.615,2.1,38,0.579,0.7,5,0.8,4.2,8,0,-10.2
16-17,Minnesota,1,0,-2.7,9,0.333,-2.6,5,0.4,2.4,10,0.3,-0.4,43,0.419,-2.2,10,0.3,-1.8,4,0.5,10.2
16-17,New Orleans,0,0,0,11,0.273,-1.9,6,0.333,2.2,10,0.5,5.8,36,0.472,4.2,17,0.412,3.5,2,0,-10.1
16-17,New York,1,0,3.5,10,0.3,-1.2,4,0,-3.5,12,0.417,3,39,0.436,2.9,12,0.417,1.2,4,0.25,-1.6
16-17,Oklahoma City,1,1,21.5,11,0.182,-9.1,3,0.667,-6.3,10,0.7,0.7,46,0.587,2.4,5,0.8,5.6,6,0.667,2.4
16-17,Orlando,1,0,-5.4,11,0.182,-5.4,3,0.667,7.1,9,0.444,-2.3,43,0.372,-2.3,11,0.455,-2.8,4,0,-8.9
16-17,Philadelphia,2,0,0.6,11,0.273,-11.6,5,0.4,0.9,14,0.286,-2.1,33,0.394,-0.6,13,0.308,3.2,4,0.5,0
16-17,Phoenix,0,0,0,12,0.417,2.3,2,0,-1.9,10,0.4,3.4,45,0.311,2,10,0.1,-3.1,3,0,-6.1
16-17,Portland,1,1,14.3,10,0.5,0.3,4,0.5,1.8,12,0.5,-1.1,39,0.513,1.3,12,0.333,1.1,4,0.75,3.6
16-17,Sacramento,1,0,-11.4,13,0.385,1.6,5,0.2,2.8,12,0.5,4.2,34,0.382,0.3,12,0.417,3.7,5,0.4,12.4
16-17,San Antonio,1,0,-13.7,9,0.778,-3.8,5,0.8,-3.3,11,0.727,0.4,41,0.78,0.2,11,0.636,-7.2,4,0.75,8.3
16-17,Toronto,0,0,0,14,0.429,0.8,3,0.667,9.2,12,0.583,2.4,37,0.622,2.7,12,0.833,8.2,4,0.75,9.1
16-17,Utah,1,0,-17.2,12,0.417,-7.5,4,0.75,0.1,16,0.375,-4.8,34,0.765,2.5,9,0.667,1.8,6,0.833,1.8
16-17,Washington,1,1,-1.7,10,0.5,0.6,5,0.2,-6.1,11,0.364,-2.7,40,0.725,2,11,0.727,5,4,0.25,-11.9
15-16,Atlanta,2,0.5,1,11,0.727,4.2,6,0.5,0.8,14,0.714,3.8,35,0.514,-0.7,7,0.714,5.8,7,0.429,-5.4
15-16,Boston,1,1,-7.9,13,0.692,-4.5,5,0.4,-8.9,12,0.583,-5.6,34,0.588,-4.3,12,0.5,-10.6,5,0.6,-5.1
15-16,Brooklyn,1,0,-9.8,10,0.1,-5.7,4,0.25,0.1,11,0.182,-3.6,41,0.293,1.5,12,0.25,0.5,3,0.667,10.1
15-16,Charlotte,0,0,0,12,0.75,1.6,4,0.75,4.5,12,0.583,0.7,38,0.5,-0.6,13,0.692,-0.6,3,0.333,-12.5
15-16,Chicago,1,0,-11.7,10,0.5,-4.4,6,0.333,-6.9,13,0.538,-6.2,35,0.486,-3.4,12,0.583,-0.9,5,0.8,2.3
15-16,Cleveland,1,1,-0.1,12,0.667,-2.1,6,0.333,1.1,11,0.818,5.6,33,0.758,6.4,14,0.571,3.4,5,0.8,16
15-16,Dallas,1,1,16.2,11,0.545,2.9,5,0.6,-0.3,11,0.545,2.7,38,0.526,3.3,13,0.385,0.8,3,0.333,2.1
15-16,Denver,2,0,-7,9,0.444,0.9,5,0.2,3.4,10,0.3,-3,39,0.436,2.8,15,0.467,6,2,0.5,14.1
15-16,Detroit,0,0,0,11,0.545,0.2,9,0.667,4.5,14,0.5,-4.9,29,0.586,4.1,14,0.429,-1.1,5,0.4,-3.6
15-16,Golden State,0,0,0,11,0.909,-3.6,9,0.889,-7.7,15,0.867,-4.6,28,0.893,-0.5,15,0.933,-2.4,4,0.75,-11.2
15-16,Houston,0,0,0,14,0.357,-5.6,6,0.5,-1.5,10,0.6,2.7,34,0.559,-1.4,13,0.538,3.2,5,0.2,-11
15-16,Indiana,0,0,0,11,0.545,-1.6,6,0.167,-13.6,14,0.643,2.5,35,0.514,-0.9,13,0.692,10.5,3,0.667,4.4
15-16,LA Clippers,1,0,2.1,11,0.545,-7.8,8,0.75,0.9,14,0.643,-1.1,30,0.733,0.7,13,0.462,-6.8,5,0.8,6.7
15-16,LA Lakers,1,1,9.5,13,0,-8.2,4,0,-9,14,0.214,-2.9,36,0.222,-2.2,7,0.429,2.3,7,0.286,3.5
15-16,Memphis,0,0,0,10,0.6,6.5,8,0.375,5.8,11,0.364,-5.2,37,0.541,1.4,11,0.545,2.8,5,0.6,0.7
15-16,Miami,1,0,-11.8,11,0.364,-3.4,5,0.8,6.2,13,0.692,4.9,37,0.568,3.2,12,0.667,6.3,3,0.667,2.3
15-16,Milwaukee,1,1,20.1,12,0.417,3.1,7,0.286,-3.1,11,0.545,1.4,31,0.355,-2.7,16,0.375,-1.5,4,0.5,-0.5
15-16,Minnesota,2,0,-4.1,10,0.2,0.4,2,0,-15.3,10,0.3,0.4,44,0.409,3.2,11,0.455,2,3,0.333,-2.2
15-16,New Orleans,1,0,-19.6,9,0.333,5.9,7,0.143,4.4,12,0.417,7.1,36,0.389,3.7,12,0.417,10.2,5,0.4,4.8
15-16,New York,0,0,0,9,0.333,0.3,8,0.625,7.2,13,0.231,-3.5,37,0.432,-0.4,12,0.25,-5.7,3,0.667,3.3
15-16,Oklahoma City,1,0,-16.1,13,0.462,-7.5,2,0,-20.9,11,0.818,-0.4,38,0.763,-3.6,15,0.667,-5.5,2,0.5,-2.9
15-16,Orlando,1,1,-1.2,13,0.385,0.4,5,0,-14.5,13,0.308,-5.3,34,0.529,3,11,0.455,3.7,5,0.4,-1
15-16,Philadelphia,2,0,-4.9,14,0.071,0.8,3,0,3.4,12,0.083,1.7,34,0.176,2.2,12,0.167,4.1,5,0,-1.9
15-16,Phoenix,1,0,-19.5,10,0.3,4.9,3,0.333,-7.4,11,0.182,0.2,44,0.341,4.4,9,0.111,-9.7,4,0.25,0
15-16,Portland,2,0.5,-0.8,9,0.222,-5.3,8,0.375,0.9,14,0.5,-2.9,31,0.548,2.7,14,0.714,8,4,1,17
15-16,Sacramento,1,0,5.8,12,0.167,-6.1,6,0.333,-5.4,17,0.529,-0.7,32,0.469,0.6,7,0.143,-4.5,7,0.571,-1.2
15-16,San Antonio,0,0,0,11,0.818,-3.6,6,1,-6.1,13,0.769,-4.8,35,0.829,-0.2,13,0.846,-1.1,4,0.5,-5.6
15-16,Toronto,1,1,20.3,13,0.692,2.3,3,0.333,-5.2,12,0.667,0.2,40,0.675,1.5,7,0.714,1.9,6,0.833,3.5
15-16,Utah,1,1,3,10,0.6,-4,7,0.429,-2.1,11,0.636,-0.3,34,0.471,-1.3,16,0.438,-3.4,3,0,-17.2
15-16,Washington,1,0,2.3,12,0.5,-0.4,6,0.167,-6.5,13,0.615,1.5,31,0.452,1.3,12,0.583,3.2,6,0.833,5.5
14-15,Atlanta,3,0.667,0,12,0.667,-9.5,6,0.667,-4.8,15,0.733,1.4,27,0.778,-0.8,14,0.857,0,5,0.4,-2.1
14-15,Boston,2,0.5,7.1,14,0.786,7.7,2,0.5,2.4,13,0.615,5.7,38,0.342,2.6,6,0.333,9.2,7,0.571,7.6
14-15,Brooklyn,3,0.333,-4.4,12,0.417,-3.1,4,0,-15.6,13,0.385,-2.5,35,0.514,1.1,9,0.667,-0.2,6,0.5,-7.6
14-15,Charlotte,2,1,8.6,14,0.5,-0.8,6,0,-8,16,0.313,-1.1,28,0.429,-1.8,10,0.5,0.4,6,0.333,-1.7
14-15,Chicago,2,0,-8.8,9,0.333,-5.3,9,0.778,4.6,13,0.692,-0.1,31,0.613,5.1,13,0.769,10.1,5,0.4,6.2
14-15,Cleveland,3,0.667,3,10,0.6,1.7,7,0.429,0.5,14,0.571,1.2,30,0.6,-0.3,13,1,12.2,5,0.6,5.4
14-15,Dallas,1,1,5.3,9,0.444,-3.9,7,0.571,1.1,12,0.583,-2,34,0.676,2.6,16,0.625,-1.1,3,0.333,-6.6
14-15,Denver,4,0,-8.4,12,0.25,1.2,5,0.2,-2.1,13,0.462,1.9,31,0.484,3.2,12,0.167,-5.9,5,0.6,4.5
14-15,Detroit,4,0.5,-4.4,9,0.222,-1.9,9,0.222,2.7,15,0.267,2.7,28,0.429,8.3,10,0.7,10.8,7,0.429,2.9
14-15,Golden State,4,0.75,7,7,0.857,7,8,0.75,-0.8,14,0.571,-5,33,0.879,1.3,11,0.909,11.7,5,1,4.8
14-15,Houston,2,1,0.9,13,0.538,-5,5,0.6,-10.2,12,0.667,-6.5,35,0.714,-8.3,6,0.833,-5.1,9,0.667,-7
14-15,Indiana,1,0,-2.1,13,0.231,-4.9,4,0.5,5.4,10,0.5,5.1,37,0.514,2.2,13,0.385,-0.2,4,1,0.4
14-15,LA Clippers,3,0.667,0.5,10,0.9,-1.1,7,0.714,-5.4,16,0.625,-4.9,30,0.567,-4.3,11,0.818,5.8,5,0.8,-1.7
14-15,LA Lakers,1,0,-11.7,13,0.231,-3.2,2,0,-2.3,11,0.091,-9,40,0.325,-0.2,11,0.273,0.3,4,0.25,3.3
14-15,Memphis,1,0,-12.1,11,0.455,-4.4,8,0.75,-4.4,11,0.636,3.4,35,0.686,1.9,11,0.818,1.7,5,0.8,10.9
14-15,Miami,1,0,-6.4,10,0.4,-2.1,6,0.5,3.9,13,0.462,2.4,38,0.421,-0.4,9,0.556,3.6,5,0.6,9.3
14-15,Milwaukee,4,0.25,-4.8,11,0.455,-5.3,6,0.167,-1.6,13,0.538,0,31,0.613,1,11,0.455,0.5,6,0.5,5.5
14-15,Minnesota,2,0.5,4.7,12,0,-6.5,5,0.6,3.5,13,0.077,0,35,0.171,-3.8,8,0.25,1.1,7,0.429,6.8
14-15,New Orleans,2,0.5,11.1,11,0.545,-0.7,7,0.429,-1.5,13,0.692,6.8,31,0.581,2.4,13,0.462,3.7,5,0.4,-2.4
14-15,New York,3,0,-5.6,14,0.143,-6.9,4,0.25,-8.7,12,0.333,-1.2,33,0.152,-4.9,9,0.333,-6.9,7,0.286,-4.8
14-15,Oklahoma City,0,0,0,14,0.643,0.6,4,0.5,5.5,14,0.571,2.7,34,0.559,-0.7,12,0.5,-3,4,0.25,-3.7
14-15,Orlando,3,0.333,-0.2,11,0.273,2.1,3,0.667,-0.2,12,0.667,5.7,39,0.231,-0.9,8,0,-1.9,6,0.333,3.8
14-15,Philadelphia,2,0.5,5,13,0.308,9.4,6,0.167,6.4,14,0.143,4.8,31,0.323,9.3,10,0,0,6,0,-3.5
14-15,Phoenix,1,0,-14.6,11,0.364,-5.3,6,0.333,0.5,14,0.286,-4.7,34,0.559,-0.8,13,0.615,0.2,3,0.667,1.7
14-15,Portland,4,1,-0.2,13,0.462,-7.1,2,1,5.3,13,0.538,-8,34,0.618,-3.9,10,0.8,-2.3,6,0.5,-4.4
14-15,Sacramento,3,0,-6.9,9,0.667,-2.7,6,0.167,-6.4,13,0.231,-2.5,36,0.361,-0.4,10,0.4,-4.3,5,0.4,1.1
14-15,San Antonio,0,0,0,14,0.857,10.3,7,0.429,1.1,14,0.714,10.2,28,0.714,7.6,13,0.385,0.8,6,0.833,9.2
14-15,Toronto,3,0.667,-9.9,10,0.7,-4.5,6,0.333,-13.4,13,0.615,-6.3,35,0.543,-9.6,9,0.667,-7.2,6,0.833,3.9
14-15,Utah,2,0.5,-2.8,9,0.667,5.1,8,0.5,1.1,13,0.615,9.7,33,0.364,1.7,13,0.385,4.8,4,0.5,12.4
14-15,Washington,4,0.75,-3.1,9,0.444,-9.9,6,0.5,-12.6,11,0.636,-0.1,35,0.571,-1.6,12,0.583,-0.5,5,0.4,-9.1
13-14,Atlanta,5,0.4,-4.2,7,0.571,5.3,9,0.222,-8.4,13,0.462,-0.5,28,0.679,1.4,13,0.231,-8.2,7,0.286,-1.6
13-14,Boston,2,0.5,11.9,16,0.25,0.7,2,0,-1.4,15,0.333,-2.9,32,0.281,-1.1,8,0.5,-0.3,7,0.286,-2.9
13-14,Brooklyn,2,1,7.1,10,0.1,-5.8,8,0.375,4.3,9,0.556,0.7,34,0.706,1.1,13,0.462,-0.3,6,0.5,4.3
13-14,Charlotte,3,0.333,-4,12,0.25,-7.4,7,0.429,2,14,0.643,2.5,27,0.556,0.6,12,0.75,8,7,0.429,5.1
13-14,Chicago,2,0,-14.9,11,0.727,5.4,4,0.5,4.9,16,0.625,-0.9,32,0.594,0,10,0.5,-1.5,7,0.571,7.5
13-14,Cleveland,2,0.5,0,14,0.5,4,4,0.25,-1.8,10,0.5,3.5,34,0.235,-3.3,10,0.5,5.6,8,0.75,10.8
13-14,Dallas,2,1,-3.7,9,0.444,-1.2,5,0.8,2.6,10,0.7,1.7,39,0.564,0.7,12,0.583,-0.2,5,0.6,7.8
13-14,Denver,1,1,3,9,0.111,-4.7,4,0.25,-5.1,11,0.364,-2,43,0.581,1.4,8,0.5,2.3,6,0,-7.2
13-14,Detroit,3,0.333,-0.9,11,0.455,-1,6,0.167,-10,15,0.533,1.4,32,0.281,-0.7,8,0.375,7.7,7,0.286,-8.7
13-14,Golden State,1,1,0.9,9,0.444,-4.5,5,0.6,5.4,12,0.583,-1,45,0.689,2.1,3,0.667,-2.1,7,0.429,-5.6
13-14,Houston,3,0.667,-1.7,10,0.6,1.9,7,0.571,8.4,14,0.5,-3.9,29,0.655,1.1,14,0.857,1.1,5,0.8,4.9
13-14,Indiana,3,0.333,-8.9,9,0.556,-4.6,8,0.5,-4.1,13,0.692,-5.2,29,0.621,-1.8,14,0.929,-1.2,6,1,-2
13-14,LA Clippers,1,1,27.6,12,0.333,-3.5,4,0.5,3,11,0.909,2.9,36,0.778,2,14,0.714,-0.2,4,0.5,-11.9
13-14,LA Lakers,2,0.5,7.5,9,0.222,3.4,8,0.25,-0.6,16,0.438,0.7,32,0.281,-0.5,7,0.429,2.5,8,0.375,0.4
13-14,Memphis,3,1,7.2,9,0.778,3.3,6,0.5,3.2,12,0.75,3.6,33,0.424,-2.5,14,0.714,6.1,5,0.8,-1
13-14,Miami,3,0.333,-11.4,9,0.556,0.3,5,0.8,5.8,13,0.538,-4.5,34,0.706,0.3,13,0.692,-1.2,5,0.8,0
13-14,Milwaukee,4,0,0.8,10,0.2,-1.3,7,0,-2.7,12,0.25,1.6,29,0.138,-0.7,13,0.308,4.1,7,0.286,1.9
13-14,Minnesota,2,0,-7.9,9,0.222,-1.8,10,0.2,-7.2,15,0.533,-0.1,28,0.571,0.3,13,0.615,2.6,5,0.8,-1.6
13-14,New Orleans,2,0.5,8.3,13,0.231,1.4,4,0.25,4.1,11,0.455,-2.7,34,0.471,-0.5,13,0.385,0.2,5,0.6,-1.1
13-14,New York,4,0.25,-5,7,0.714,3.1,7,0.286,4.4,13,0.308,-4.3,35,0.486,1.2,10,0.3,-4.8,6,0.833,11.6
13-14,Oklahoma City,1,1,-2.2,9,0.556,-2.1,5,0.4,2.1,11,0.818,-1.3,39,0.821,1,14,0.571,-3.8,3,0.667,-9.1
13-14,Orlando,1,1,4,10,0.3,2.7,7,0.143,1.3,13,0.615,3.8,32,0.188,-1.9,13,0.154,-4.2,6,0.333,1.4
13-14,Philadelphia,0,0,0,14,0.071,-6,6,0.333,1.9,14,0.143,-0.3,33,0.303,0.6,7,0.143,-3,8,0.375,-1
13-14,Phoenix,2,0.5,8.2,9,0.333,-6,7,0.571,-0.8,16,0.75,3,30,0.7,0.1,13,0.308,-2.9,5,0.6,-1.4
13-14,Portland,3,0.333,5.4,12,0.667,5.3,4,0.75,3.4,13,0.846,1.8,33,0.606,-0.2,11,0.636,-8,6,0.667,-3.2
13-14,Sacramento,1,1,10.3,11,0.364,6.6,7,0.429,1.6,11,0.455,0.1,34,0.265,-1.3,13,0.231,-1.5,5,0.6,2.4
13-14,San Antonio,1,1,5,12,0.583,-3.6,6,1,6.3,13,0.769,-0.6,34,0.735,1.2,10,0.8,0.1,6,0.833,1.1
13-14,Toronto,1,1,12.8,12,0.5,-2.1,5,0.6,5.9,12,0.667,1.4,36,0.528,-1.1,9,0.667,-1.2,7,0.714,-1
13-14,Utah,1,0,-12.8,12,0.25,-5.9,8,0.375,6.9,14,0.214,-4.3,30,0.267,3.8,8,0.5,-0.1,9,0.444,0.9
13-14,Washington,3,0.667,0.5,10,0.5,-2.1,7,0.714,7.6,12,0.583,1.9,32,0.531,0.8,12,0.667,-0.2,6,0,-10.5
13-Dec,Atlanta,3,0.667,6.1,13,0.538,2.1,6,0.333,-4,15,0.533,-4.7,28,0.571,2.5,10,0.5,-2.3,7,0.571,-4.8
13-Dec,Boston,1,0,-17.5,13,0.462,5.9,7,0.714,5.7,10,0.9,6.1,29,0.345,-3.6,12,0.417,-8.3,9,0.667,2.3
13-Dec,Brooklyn,3,0.667,-1.3,12,0.5,-1.1,8,0.625,3.7,15,0.733,-0.3,26,0.538,-3.3,11,0.545,4.1,7,0.714,-1.7
13-Dec,Charlotte,3,0,-10.2,11,0.182,1.2,8,0.25,-1.5,13,0.308,-3.3,26,0.231,0.6,16,0.313,3.3,5,0.4,1.2
13-Dec,Chicago,2,1,10.3,11,0.455,-0.1,6,0.667,-0.5,10,0.5,0.8,31,0.613,2.1,19,0.368,-6,3,1,1.4
13-Dec,Cleveland,4,0.5,6.3,9,0,-0.6,9,0.222,4.7,14,0.214,-3.4,26,0.269,-0.8,13,0.462,-1.4,7,0.571,2.4
13-Dec,Dallas,1,1,19.4,11,0.455,3.3,4,0.25,-12.6,11,0.455,-2.6,39,0.564,1.9,11,0.455,-4.3,5,0.4,4.7
13-Dec,Denver,3,0.333,-0.5,7,0.286,3.3,7,0.857,4,11,0.727,-1.6,37,0.757,-0.4,12,0.667,-0.3,5,0.8,0.4
13-Dec,Detroit,3,0,-8.5,11,0.455,6.6,5,0.6,2,14,0.214,0.1,32,0.406,-1,11,0.364,-4.3,6,0.167,-0.8
13-Dec,Golden State,4,0.25,-5.9,13,0.615,6.5,3,0.333,-2.9,13,0.692,4.8,33,0.545,-1.3,8,0.5,-5.8,8,0.75,2.5
13-Dec,Houston,3,0,-17.1,12,0.417,0,6,0.167,-5.1,13,0.538,3.9,28,0.679,2.7,14,0.643,-1.6,6,0.667,-0.3
13-Dec,Indiana,3,0.667,-2.4,10,0.8,5,8,0.375,-6.3,12,0.833,2.2,24,0.458,-1.4,17,0.588,-2.9,5,0.8,-1.1
13-Dec,LA Clippers,4,0.75,7.5,13,0.615,0.1,4,0.75,2.8,12,0.5,-6.7,28,0.679,2.1,16,0.813,0.9,5,0.8,-8.6
13-Dec,LA Lakers,1,1,30.7,12,0.417,1.3,3,0,-4.5,13,0.538,2.4,35,0.629,-1.2,13,0.615,2.3,5,0.4,-7.3
13-Dec,Memphis,1,0,-4,11,0.727,1.9,6,0.5,-2.7,12,0.583,-5,35,0.743,2.9,11,0.909,0.7,6,0.333,-7.4
13-Dec,Miami,3,0.667,-9.6,8,1,-0.2,5,1,3.9,14,0.786,-4.2,37,0.73,0.9,10,0.8,-1.4,5,1,-3.1
13-Dec,Milwaukee,4,0.25,-9.6,6,0.333,-6,12,0.5,-0.1,11,0.182,-6.2,27,0.556,0.9,18,0.556,3.7,4,0.5,5.7
13-Dec,Minnesota,4,0.25,-2.6,11,0.455,3.4,7,0.286,4.7,17,0.471,1.1,27,0.296,-1.5,9,0.333,-0.1,7,0.571,0.1
13-Dec,New Orleans,2,0,-14.4,12,0.417,3.8,5,0.2,3.5,11,0.273,0.7,34,0.412,2.2,12,0.167,-3.2,6,0.333,-2.4
13-Dec,New York,3,0.333,-8.7,12,0.667,4.5,4,0.75,7.5,15,0.8,0.7,33,0.636,-1.9,8,0.625,0.3,7,0.571,-3.5
13-Dec,Oklahoma City,2,0.5,-6.1,11,0.636,1.9,2,1,11.2,11,0.727,-4.1,43,0.744,-0.2,8,1,-0.5,5,0.4,2.1
13-Dec,Orlando,1,0,-25.9,9,0.333,-0.4,3,0,-14.9,12,0.167,2.3,42,0.238,0.7,13,0.308,-0.1,2,0.5,-0.2
13-Dec,Philadelphia,2,0,-5.6,10,0.3,2.6,10,0.1,-7.2,13,0.538,4.3,25,0.44,-1,17,0.588,0,5,0.4,4.7
13-Dec,Phoenix,2,0.5,14,12,0.25,0.3,5,0.2,-6.2,13,0.308,1.2,35,0.257,-0.6,9,0.444,5.4,6,0.5,4.6
13-Dec,Portland,2,1,16.9,11,0.364,-2.9,4,0.25,-1.8,11,0.545,4.1,34,0.294,1.4,17,0.471,-2.4,3,0.667,-0.3
13-Dec,Sacramento,2,0,-10.8,12,0.417,5.4,3,0.667,3.1,13,0.385,-0.8,36,0.278,-1.3,10,0.4,2.7,6,0.333,0.6
13-Dec,San Antonio,3,0,-3.6,12,0.583,5.8,2,0.5,-14.9,14,0.929,-2.1,35,0.657,0.7,9,0.889,-1.3,7,0.857,0.6
13-Dec,Toronto,2,0,0.9,12,0.417,0.6,4,0.75,2.2,11,0.364,-3.2,36,0.472,0.5,11,0.273,-1.3,6,0.333,-1.6
13-Dec,Utah,0,0,0,13,0.462,0.1,4,0.5,-0.3,12,0.75,-3.8,37,0.378,0.5,10,0.7,5,6,0.833,-0.5
13-Dec,Washington,4,0.25,-6.9,9,0.333,5.5,8,0.25,1.7,12,0.417,-2.7,29,0.414,0.6,13,0.308,-0.8,7,0.286,-3.7
